Rk,Player,Pos,Age,Tm,G,GS,MP,FG,FGA,FG%,3P,3PA,3P%,2P,2PA,2P%,eFG%,FT,FTA,FT%,ORB,DRB,TRB,AST,STL,BLK,TOV,PF,PTS▼
1,Bradley Beal\bealbr01,SG,27,WAS,46,46,35.4,10.9,22.7,.480,2.2,6.5,.331,8.7,16.2,.540,.528,7.0,7.8,.898,1.2,3.6,4.8,4.8,1.1,0.3,3.3,2.4,31.0
2,Stephen Curry\curryst01,PG,32,GSW,48,48,33.9,10.1,20.6,.489,5.0,11.8,.422,5.1,8.8,.580,.610,5.5,6.0,.927,0.5,5.0,5.5,5.9,1.3,0.1,3.2,1.8,30.7
3,Damian Lillard\lillada01,PG,30,POR,52,52,35.9,8.8,20.1,.440,4.1,10.8,.379,4.8,9.3,.510,.541,6.9,7.5,.925,0.5,3.7,4.2,7.7,0.9,0.3,3.2,1.6,28.7
4,Giannis Antetokounmpo\antetgi01,PF,26,MIL,46,46,33.8,10.3,18.3,.565,1.1,3.7,.304,9.2,14.6,.631,.596,6.7,9.8,.684,1.7,9.5,11.2,6.1,1.2,1.3,3.7,2.8,28.5
5,Luka Dončić\doncilu01,PG,21,DAL,50,50,35.1,10.1,20.8,.485,3.0,8.2,.361,7.1,12.6,.566,.556,5.3,7.2,.733,0.8,7.2,7.9,8.8,1.0,0.6,4.3,2.2,28.4
6,Kyrie Irving\irvinky01,PG,28,BRK,40,40,35.1,10.6,20.5,.515,2.7,6.9,.395,7.8,13.6,.576,.582,3.7,4.0,.913,1.1,3.7,4.8,6.1,1.3,0.6,2.3,2.7,27.5
7,Zach LaVine\lavinza01,SG,25,CHI,53,53,35.2,9.8,19.4,.506,3.4,8.2,.416,6.4,11.2,.572,.594,4.4,5.2,.848,0.6,4.5,5.1,5.1,0.8,0.5,3.6,2.3,27.5
8,Zion Williamson\willizi01,PF,20,NOP,51,51,32.9,10.3,16.7,.615,0.2,0.5,.333,10.1,16.1,.625,.621,6.0,8.6,.699,2.5,4.6,7.1,3.6,0.9,0.7,2.6,2.3,26.7
9,Donovan Mitchell\mitchdo01,PG,24,UTA,53,53,33.4,9.0,20.6,.438,3.4,8.7,.386,5.7,11.9,.476,.520,5.0,6.0,.845,0.9,3.5,4.4,5.2,1.0,0.3,2.8,2.2,26.4
10,Nikola Jokić\jokicni01,C,25,DEN,56,56,35.2,10.2,18.1,.567,1.4,3.3,.422,8.8,14.8,.599,.605,4.2,4.9,.855,2.9,8.1,11.0,8.8,1.5,0.6,3.1,2.7,26.1
11,Kawhi Leonard\leonaka01,SF,29,LAC,45,45,34.6,9.4,18.3,.515,2.0,5.0,.395,7.5,13.4,.560,.568,5.1,5.8,.878,1.2,5.4,6.6,5.0,1.7,0.4,2.0,1.7,26.0
12,Devin Booker\bookede01,SG,24,PHO,51,51,33.7,9.4,19.2,.488,2.1,5.9,.350,7.3,13.3,.550,.542,4.8,5.6,.864,0.4,3.8,4.2,4.5,0.8,0.3,3.3,2.8,25.7
13,Jayson Tatum\tatumja01,SF,22,BOS,50,50,35.5,9.3,20.3,.458,2.9,7.5,.384,6.4,12.8,.501,.529,4.1,4.7,.873,0.7,6.4,7.1,4.2,1.2,0.4,2.5,1.8,25.6
14,LeBron James\jamesle01,PG,36,LAL,41,41,33.9,9.5,18.4,.513,2.4,6.5,.368,7.1,12.0,.592,.578,4.1,5.8,.703,0.6,7.3,7.9,7.9,1.0,0.6,3.7,1.6,25.4
15,De'Aaron Fox\foxde01,PG,23,SAC,55,55,35.1,9.2,19.1,.479,1.8,5.6,.325,7.3,13.5,.543,.527,5.1,7.1,.710,0.6,2.9,3.5,7.1,1.5,0.5,3.1,2.9,25.2
16,James Harden\hardeja01,PG-SG,31,TOT,42,42,37.1,8.0,17.2,.463,2.8,7.8,.358,5.2,9.4,.549,.544,6.5,7.5,.870,0.8,7.2,8.0,10.9,1.2,0.7,4.1,2.3,25.2
17,Trae Young\youngtr01,PG,22,ATL,51,51,34.3,7.7,17.8,.431,2.3,6.4,.358,5.4,11.4,.472,.495,7.6,8.7,.870,0.6,3.3,3.9,9.5,0.8,0.2,4.3,1.9,25.2
18,Jaylen Brown\brownja02,SG,24,BOS,52,52,34.1,9.3,18.8,.493,2.7,6.8,.400,6.6,12.0,.546,.566,3.3,4.3,.754,1.2,4.6,5.8,3.4,1.2,0.6,2.7,2.9,24.6
19,Brandon Ingram\ingrabr01,SF,23,NOP,51,51,34.6,8.5,18.2,.469,2.4,6.3,.384,6.1,11.9,.514,.535,4.7,5.3,.886,0.6,4.4,5.0,4.8,0.7,0.7,2.5,2.0,24.3
20,Collin Sexton\sextoco01,SG,22,CLE,46,46,35.8,8.8,18.4,.481,1.6,4.4,.363,7.3,14.0,.518,.524,5.0,6.1,.817,0.8,2.0,2.8,4.1,1.1,0.1,2.6,2.7,24.2
21,Nikola Vučević\vucevni01,C,30,TOT,56,56,33.6,9.7,20.1,.484,2.6,6.3,.415,7.1,13.8,.515,.548,2.1,2.5,.833,2.0,9.4,11.4,3.7,1.0,0.7,1.7,1.9,24.1
22,Paul George\georgpa01,SF,30,LAC,43,43,33.7,8.4,17.5,.479,3.3,7.5,.437,5.1,10.0,.510,.572,3.6,4.0,.891,0.9,5.4,6.3,5.5,1.2,0.5,3.2,2.4,23.6
23,Julius Randle\randlju01,PF,26,NYK,56,56,37.2,8.4,18.1,.463,2.1,5.1,.410,6.3,13.0,.484,.521,4.7,5.9,.799,1.3,9.3,10.6,6.0,0.9,0.3,3.5,3.2,23.6
24,Jerami Grant\grantje01,SF,26,DET,49,49,34.4,7.5,17.4,.430,2.2,6.2,.357,5.3,11.2,.471,.494,5.4,6.3,.858,0.7,4.1,4.8,2.9,0.7,1.1,2.0,2.3,22.6
25,Russell Westbrook\westbru01,PG,32,WAS,48,48,35.5,8.4,19.0,.442,1.3,4.2,.312,7.1,14.8,.479,.476,4.0,6.4,.627,1.6,9.3,10.9,10.8,1.3,0.4,5.0,2.7,22.1
26,Jimmy Butler\butleji01,SF,31,MIA,41,41,33.7,7.1,14.4,.495,0.5,2.0,.232,6.7,12.4,.537,.511,6.7,7.9,.852,1.9,5.3,7.2,7.2,2.1,0.4,2.1,1.4,21.4
27,Malcolm Brogdon\brogdma01,PG,28,IND,49,49,35.1,8.0,17.6,.456,2.7,6.7,.398,5.3,10.9,.492,.532,2.5,3.0,.855,1.1,3.9,5.0,5.9,1.0,0.2,2.0,2.0,21.2
28,DeMar DeRozan\derozde01,PF,31,SAS,47,47,34.0,7.4,14.9,.495,0.4,1.4,.281,7.0,13.5,.517,.508,6.1,6.9,.880,0.7,3.6,4.3,7.2,0.9,0.3,1.9,2.0,21.2
29,Jamal Murray\murraja01,PG,23,DEN,48,48,35.5,7.9,16.5,.477,2.7,6.6,.408,5.2,9.9,.523,.559,2.8,3.2,.869,0.8,3.3,4.0,4.8,1.3,0.3,2.3,2.0,21.2
30,Pascal Siakam\siakapa01,PF,26,TOR,46,46,35.6,7.5,16.5,.453,1.2,4.2,.282,6.3,12.3,.512,.489,4.7,5.5,.839,1.7,5.5,7.2,4.7,1.1,0.7,2.2,3.3,20.8
31,Tobias Harris\harrito02,PF,28,PHI,49,49,33.3,7.9,15.2,.521,1.4,3.5,.407,6.5,11.7,.555,.568,3.2,3.6,.886,1.0,6.2,7.2,3.6,0.9,0.9,1.9,2.0,20.5
32,Terry Rozier\roziete01,SG,26,CHO,52,52,33.9,7.4,15.8,.465,3.3,8.2,.400,4.1,7.6,.535,.569,2.4,2.9,.828,0.6,3.6,4.2,3.7,1.3,0.4,1.9,1.8,20.4
33,Khris Middleton\middlkh01,SF,29,MIL,53,53,33.3,7.5,15.6,.481,2.2,5.1,.431,5.3,10.5,.504,.551,3.0,3.4,.890,0.8,5.3,6.1,5.5,1.1,0.2,2.8,2.4,20.2
34,Domantas Sabonis\sabondo01,PF,24,IND,52,52,35.8,7.5,14.4,.519,0.8,2.6,.296,6.7,11.8,.567,.545,4.2,5.7,.731,2.6,9.0,11.6,6.0,1.1,0.6,3.3,3.4,19.9
35,Gordon Hayward\haywago01,SF,30,CHO,44,44,34.0,7.1,15.0,.473,1.9,4.7,.415,5.1,10.3,.499,.537,3.5,4.2,.843,0.8,5.0,5.9,4.1,1.2,0.3,2.1,1.7,19.6
36,Fred VanVleet\vanvlfr01,SG,26,TOR,45,45,36.1,6.4,16.4,.391,3.3,8.9,.366,3.1,7.4,.422,.491,3.4,3.9,.885,0.6,3.5,4.2,6.1,1.7,0.8,2.0,2.4,19.5
37,Norman Powell\powelno01,SG-SF,27,TOT,53,42,31.0,6.5,13.3,.489,2.7,6.2,.429,3.8,7.1,.541,.589,3.4,4.0,.858,0.6,2.5,3.1,1.8,1.2,0.3,1.8,2.3,19.1
38,Bam Adebayo\adebaba01,C,23,MIA,50,50,33.5,7.2,12.7,.566,0.0,0.2,.250,7.1,12.5,.570,.568,4.6,5.7,.806,2.3,6.9,9.2,5.2,1.0,1.1,2.7,2.3,19.0
39,Ja Morant\moranja01,PG,21,MEM,46,46,31.9,6.7,15.1,.447,0.9,3.5,.270,5.8,11.6,.500,.478,4.4,5.9,.739,0.9,2.6,3.5,7.3,0.8,0.2,3.1,1.4,18.8
40,John Collins\collijo01,PF,23,ATL,47,47,30.3,7.1,13.0,.545,1.3,3.4,.380,5.8,9.6,.603,.594,2.7,3.3,.838,2.1,5.7,7.8,1.4,0.5,1.0,1.2,3.2,18.2
41,Andrew Wiggins\wiggian01,PF,25,GSW,56,56,32.6,6.9,14.4,.475,2.0,5.2,.387,4.8,9.2,.525,.545,2.4,3.4,.695,1.0,3.8,4.8,2.4,0.9,0.9,1.8,2.2,18.1
42,Anthony Edwards\edwaran01,SG,19,MIN,57,40,31.3,6.6,16.5,.398,2.2,6.9,.316,4.4,9.7,.456,.463,2.7,3.4,.786,0.8,3.5,4.4,2.7,1.1,0.4,2.1,1.6,18.0
43,Michael Porter Jr.\portemi01,SF,22,DEN,46,39,30.6,6.8,12.6,.538,2.4,5.7,.427,4.3,6.9,.629,.634,1.7,2.2,.768,1.8,6.0,7.7,1.0,0.6,0.9,1.1,2.0,17.6
44,RJ Barrett\barrerj01,SG,20,NYK,57,57,34.1,6.5,14.5,.448,1.4,3.7,.381,5.1,10.8,.471,.496,2.9,4.0,.734,1.1,4.7,5.7,3.0,0.8,0.3,1.9,2.6,17.3
45,Jordan Clarkson\clarkjo01,SG,28,UTA,52,0,25.4,6.3,14.8,.422,3.0,8.6,.347,3.3,6.2,.525,.523,1.7,1.8,.946,0.8,3.2,3.9,2.2,0.9,0.2,1.7,1.5,17.2
46,Jrue Holiday\holidjr01,PG,30,MIL,43,40,31.6,6.8,13.5,.506,1.9,4.7,.401,5.0,8.8,.562,.576,1.6,2.0,.824,1.3,3.3,4.5,5.4,1.7,0.5,2.1,1.7,17.2
47,Darius Garland\garlada01,PG,21,CLE,45,42,33.4,6.5,14.6,.447,1.9,4.7,.399,4.6,9.9,.470,.511,2.0,2.4,.849,0.5,2.0,2.4,5.9,1.2,0.1,3.0,2.2,17.0
48,Jonas Valančiūnas\valanjo01,C,28,MEM,49,48,28.1,7.0,12.2,.578,0.3,0.9,.348,6.7,11.2,.597,.591,2.6,3.4,.770,4.2,8.4,12.7,1.8,0.5,0.7,1.7,2.9,17.0
49,Dillon Brooks\brookdi01,SF,25,MEM,51,51,29.5,6.3,15.2,.414,1.9,5.5,.348,4.4,9.7,.452,.477,2.2,2.6,.830,0.8,2.1,2.9,2.4,1.2,0.4,1.8,3.5,16.7
50,Buddy Hield\hieldbu01,SG,28,SAC,55,55,34.5,5.7,14.2,.401,4.0,10.5,.385,1.7,3.7,.447,.543,1.3,1.5,.833,0.4,4.1,4.5,3.1,0.8,0.4,1.8,2.6,16.7
51,Mike Conley\conlemi01,PG,33,UTA,45,45,29.9,5.6,12.6,.449,2.8,6.6,.415,2.9,5.9,.487,.558,2.3,2.7,.854,0.7,2.6,3.4,5.7,1.3,0.2,1.9,2.0,16.4
52,Tim Hardaway Jr.\hardati02,SG,28,DAL,54,20,28.4,5.6,12.7,.443,2.9,7.3,.389,2.8,5.4,.517,.555,1.8,2.3,.797,0.3,3.1,3.4,1.7,0.5,0.1,0.9,1.5,16.0
53,LaMelo Ball\ballla01,PG,19,CHO,41,21,28.6,5.8,12.8,.451,2.0,5.3,.375,3.8,7.6,.503,.528,2.4,3.0,.789,1.3,4.5,5.9,6.1,1.6,0.3,2.8,2.8,15.9
54,Chris Paul\paulch01,PG,35,PHO,54,54,31.6,6.0,12.3,.486,1.3,3.6,.364,4.7,8.7,.537,.540,2.5,2.7,.931,0.4,4.2,4.6,8.8,1.5,0.2,2.2,2.4,15.8
55,Dejounte Murray\murrade01,PG,24,SAS,52,52,31.7,6.6,14.5,.452,1.0,3.1,.325,5.6,11.4,.487,.487,1.6,2.0,.808,0.7,6.2,6.9,5.3,1.6,0.1,1.7,2.1,15.7
56,Harrison Barnes\barneha02,PF,28,SAC,53,53,36.3,5.3,10.9,.489,1.5,4.2,.365,3.8,6.7,.566,.559,3.4,4.1,.826,1.2,5.5,6.7,3.5,0.8,0.2,1.6,1.3,15.6
57,Terrence Ross\rosste01,SG,29,ORL,46,2,29.3,5.5,13.4,.412,1.9,5.7,.337,3.6,7.7,.469,.485,2.6,3.0,.870,0.3,3.1,3.4,2.3,1.0,0.5,1.6,1.9,15.6
58,Gary Trent Jr.\trentga02,SG,22,TOT,52,34,31.4,5.6,13.3,.421,2.9,7.4,.392,2.7,5.9,.458,.530,1.4,1.8,.780,0.4,2.1,2.5,1.5,0.9,0.2,0.8,1.6,15.5
59,Bojan Bogdanović\bogdabo02,SF,31,UTA,56,56,30.4,5.1,12.0,.422,2.4,6.2,.383,2.7,5.8,.464,.522,2.9,3.3,.870,0.6,3.4,4.0,1.8,0.5,0.1,1.4,1.6,15.4
60,Clint Capela\capelca01,C,26,ATL,49,49,30.2,6.6,11.0,.602,0.0,0.0,,6.6,11.0,.602,.602,2.1,3.6,.591,4.7,9.6,14.3,0.8,0.7,2.2,1.2,2.3,15.4
61,Kelly Oubre Jr.\oubreke01,SF,25,GSW,50,50,30.8,5.8,13.2,.439,1.6,5.2,.317,4.1,8.0,.519,.502,2.1,3.0,.698,1.4,4.6,6.0,1.4,1.1,0.8,1.2,2.3,15.3
62,Deandre Ayton\aytonde01,C,22,PHO,55,55,30.5,6.6,10.5,.626,0.1,0.4,.200,6.5,10.1,.641,.629,2.0,2.7,.760,3.3,7.5,10.8,1.4,0.5,1.1,1.7,2.9,15.2
63,Dennis Schröder\schrode01,SG,27,LAL,52,52,31.7,5.2,12.1,.431,1.1,3.3,.343,4.1,8.9,.463,.477,3.7,4.3,.844,0.5,3.0,3.4,5.4,1.2,0.2,2.8,2.6,15.2
64,Tyler Herro\herroty01,SG,21,MIA,45,14,31.2,5.6,13.1,.425,1.8,5.5,.329,3.8,7.6,.494,.494,2.0,2.4,.815,0.5,4.4,4.9,3.4,0.7,0.4,2.0,1.3,14.9
65,Ben Simmons\simmobe01,PG,24,PHI,48,48,33.3,5.7,10.4,.545,0.1,0.2,.300,5.6,10.2,.550,.548,3.4,5.5,.615,1.7,6.0,7.6,7.1,1.6,0.6,3.3,3.1,14.8
66,Rudy Gobert\goberru01,C,28,UTA,56,56,31.1,5.5,8.2,.670,0.0,0.1,.000,5.5,8.1,.675,.670,3.4,5.6,.613,3.4,10.1,13.6,1.3,0.5,2.9,1.6,2.4,14.4
67,Coby White\whiteco01,PG,20,CHI,52,37,30.6,5.3,12.8,.411,2.1,6.1,.343,3.2,6.7,.473,.493,1.8,2.0,.913,0.4,3.8,4.2,4.4,0.5,0.2,2.2,2.6,14.4
68,Joe Harris\harrijo01,SF,29,BRK,56,52,30.7,5.2,10.1,.514,3.2,6.5,.484,2.1,3.6,.569,.670,0.7,0.9,.769,0.6,3.0,3.6,1.8,0.7,0.2,0.8,2.0,14.3
69,Lonzo Ball\balllo01,PG,23,NOP,42,42,31.4,5.1,12.3,.419,3.0,8.0,.376,2.1,4.2,.503,.543,0.9,1.1,.792,0.6,3.5,4.1,5.6,1.4,0.6,2.0,2.0,14.2
70,Devonte' Graham\grahade01,PG,25,CHO,44,38,29.8,4.5,11.9,.375,3.1,8.3,.374,1.4,3.6,.377,.506,2.1,2.6,.823,0.4,2.3,2.7,5.2,1.0,0.1,1.5,1.3,14.2
71,Montrezl Harrell\harremo01,C,27,LAL,56,1,24.4,5.7,9.3,.617,0.0,0.2,.000,5.7,9.1,.629,.617,2.7,3.8,.710,2.4,4.2,6.7,1.1,0.7,0.8,1.1,1.9,14.2
72,Richaun Holmes\holmeri01,C,27,SAC,50,50,30.0,5.9,9.3,.641,0.0,0.2,.200,5.9,9.1,.651,.644,2.2,2.8,.797,2.6,6.4,8.9,1.7,0.7,1.6,1.2,3.6,14.1
73,Rui Hachimura\hachiru01,PF,22,WAS,46,46,31.9,5.3,11.3,.469,0.8,2.5,.310,4.5,8.7,.515,.504,2.3,3.0,.763,0.9,4.9,5.8,1.5,0.8,0.1,1.3,2.2,13.7
74,Luguentz Dort\dortlu01,SG,21,OKC,44,44,29.5,4.7,11.9,.398,2.1,6.1,.343,2.6,5.8,.457,.487,2.0,2.8,.726,0.7,2.9,3.6,1.6,1.0,0.4,1.5,2.5,13.6
75,Shake Milton\miltosh01,SG,24,PHI,48,2,24.0,5.0,10.9,.456,1.1,3.3,.338,3.9,7.6,.507,.507,2.5,3.0,.852,0.6,1.7,2.3,3.0,0.6,0.3,1.7,2.2,13.6
76,Chris Boucher\bouchch01,C,28,TOR,57,12,24.0,4.8,9.2,.517,1.4,3.8,.380,3.3,5.4,.614,.595,2.5,3.2,.790,1.9,4.7,6.6,1.1,0.6,1.9,0.8,2.8,13.5
77,Carmelo Anthony\anthoca01,PF,36,POR,54,3,25.1,4.8,11.5,.413,1.7,4.5,.380,3.0,7.0,.435,.488,2.1,2.4,.876,0.5,2.7,3.2,1.6,0.7,0.6,1.0,2.1,13.3
78,Josh Jackson\jacksjo02,SG,23,DET,51,16,24.6,4.8,11.3,.428,1.3,4.0,.319,3.5,7.3,.488,.484,2.4,3.3,.726,0.9,3.2,4.2,2.1,0.9,0.7,2.2,2.9,13.3
79,Kendrick Nunn\nunnke01,PG,25,MIA,42,30,28.4,5.2,11.2,.461,2.0,5.4,.361,3.2,5.8,.553,.548,1.0,1.1,.913,0.4,2.7,3.1,2.7,1.0,0.3,1.5,1.9,13.3
80,Jarrett Allen\allenja01,C,22,TOT,46,28,28.8,4.8,7.5,.636,0.1,0.3,.385,4.7,7.2,.646,.643,3.5,5.0,.711,3.0,7.0,10.0,1.7,0.5,1.6,1.5,1.6,13.2
81,Doug McDermott\mcderdo01,PF,29,IND,51,19,24.4,5.1,9.8,.520,1.7,4.4,.381,3.5,5.5,.631,.605,1.2,1.4,.845,1.0,2.6,3.6,1.3,0.3,0.1,0.9,1.7,13.1
82,Marcus Morris\morrima03,PF,31,LAC,45,17,26.1,4.8,10.1,.469,2.5,5.2,.474,2.3,4.9,.464,.591,1.2,1.4,.813,0.6,3.4,4.0,1.1,0.6,0.2,0.9,2.1,13.1
83,Duncan Robinson\robindu01,SF,26,MIA,56,56,32.1,4.3,9.9,.438,3.5,8.5,.408,0.9,1.4,.623,.614,0.9,1.1,.847,0.1,3.5,3.6,1.8,0.5,0.3,1.2,2.6,13.0
84,Mikal Bridges\bridgmi01,SF,24,PHO,55,55,32.1,4.8,9.2,.525,1.7,4.2,.409,3.1,5.0,.622,.618,1.5,1.8,.822,1.1,3.4,4.5,2.2,0.9,0.9,0.8,1.6,12.9
85,Tyrese Haliburton\halibty01,PG,20,SAC,50,15,30.2,5.0,10.5,.475,2.1,5.1,.411,2.9,5.5,.535,.574,0.8,0.9,.844,0.7,2.4,3.1,5.0,1.3,0.5,1.5,1.6,12.8
86,Kyle Kuzma\kuzmaky01,SF,25,LAL,53,23,28.2,4.9,11.5,.430,2.0,5.8,.346,2.9,5.6,.517,.518,1.0,1.4,.671,1.8,4.8,6.6,1.6,0.5,0.6,1.8,1.7,12.8
87,Keldon Johnson\johnske04,SF,21,SAS,51,49,28.5,4.9,10.2,.478,0.9,2.6,.331,4.0,7.6,.528,.520,2.1,2.9,.735,1.5,5.0,6.5,1.8,0.5,0.5,1.1,2.1,12.7
88,Myles Turner\turnemy01,C,24,IND,46,46,30.9,4.4,9.2,.482,1.5,4.4,.338,3.0,4.8,.613,.563,2.3,3.0,.787,1.3,5.1,6.4,1.0,0.9,3.5,1.4,3.5,12.7
89,Will Barton\bartowi01,SF,30,DEN,53,49,31.3,4.6,10.9,.427,1.7,4.6,.374,2.9,6.3,.465,.506,1.6,2.1,.782,0.7,3.3,4.0,3.2,0.9,0.4,1.7,1.7,12.6
90,Jalen Brunson\brunsja01,PG,24,DAL,51,11,25.5,4.8,9.1,.523,1.2,3.0,.387,3.6,6.1,.590,.587,1.9,2.4,.789,0.4,3.2,3.6,3.4,0.5,0.0,1.3,1.7,12.6
91,Alec Burks\burksal01,SG,29,NYK,44,5,25.8,4.2,10.1,.414,2.0,5.0,.408,2.2,5.1,.420,.515,2.2,2.5,.865,0.4,4.1,4.5,2.2,0.7,0.3,1.0,2.1,12.6
92,Josh Richardson\richajo01,SG,27,DAL,45,45,32.0,4.5,10.5,.430,1.5,4.8,.318,3.0,5.7,.525,.503,1.8,2.0,.910,0.9,2.7,3.6,2.8,0.9,0.4,1.4,2.5,12.4
93,Kyle Anderson\anderky01,PF,27,MEM,52,52,27.2,4.5,9.7,.462,1.3,3.9,.348,3.1,5.8,.538,.532,2.0,2.6,.776,0.8,5.2,5.9,3.6,1.3,0.8,1.3,1.7,12.3
94,Darius Bazley\bazleda01,PF,20,OKC,40,40,30.8,4.6,11.5,.402,1.5,5.2,.284,3.2,6.3,.500,.466,1.6,2.2,.708,0.6,6.8,7.4,1.6,0.5,0.6,2.0,0.9,12.3
95,Thaddeus Young\youngth01,PF,32,CHI,51,17,24.6,5.6,9.6,.579,0.1,0.6,.241,5.5,9.1,.600,.586,1.0,1.5,.620,2.5,3.8,6.3,4.2,1.1,0.6,2.0,2.4,12.3
96,Seth Curry\curryse01,SG,30,PHI,44,44,28.9,4.4,9.8,.445,2.0,4.8,.410,2.4,5.0,.480,.545,1.3,1.5,.894,0.2,1.9,2.1,2.8,0.8,0.2,1.3,1.7,12.0
97,Enes Kanter\kanteen01,C,28,POR,55,34,26.5,5.0,8.3,.608,0.0,0.0,.000,5.0,8.2,.609,.608,2.0,2.5,.790,4.3,7.6,11.9,1.3,0.5,0.7,1.3,2.5,12.0
98,Patty Mills\millspa02,PG,32,SAS,53,0,25.6,4.1,9.7,.428,2.6,6.7,.388,1.5,3.0,.516,.562,1.1,1.2,.908,0.3,1.4,1.8,2.5,0.7,0.0,1.0,1.3,12.0
99,Lou Williams\willilo02,PG,34,TOT,51,3,22.2,4.3,10.3,.422,1.1,2.8,.394,3.2,7.5,.432,.475,2.3,2.6,.865,0.3,1.7,2.0,3.5,0.9,0.1,1.6,1.0,12.0
100,Joe Ingles\inglejo01,SF,33,UTA,51,14,26.8,4.1,7.8,.520,2.7,5.6,.486,1.4,2.2,.605,.693,1.1,1.3,.864,0.4,3.2,3.7,4.2,0.7,0.2,1.6,1.9,11.9
101,Wendell Carter Jr.\cartewe01,C,21,TOT,43,33,25.6,4.5,8.5,.526,0.3,0.8,.306,4.2,7.7,.550,.541,2.6,3.6,.739,2.4,5.6,8.0,2.1,0.7,0.8,1.5,2.8,11.8
102,Kevin Huerter\huertke01,SG,22,ATL,56,41,30.9,4.5,10.6,.427,2.0,5.6,.364,2.5,5.0,.498,.524,0.8,0.9,.827,0.6,2.7,3.3,3.6,1.1,0.2,1.2,2.4,11.8
103,Kelly Olynyk\olynyke01,C-PF,29,TOT,55,47,27.6,4.4,9.3,.477,1.9,5.5,.337,2.6,3.8,.679,.576,1.1,1.3,.808,1.1,5.3,6.5,2.2,0.9,0.6,1.4,2.9,11.8
104,Elfrid Payton\paytoel01,PG,26,NYK,48,48,25.9,4.9,11.0,.447,0.5,1.8,.282,4.4,9.3,.479,.470,1.4,2.1,.697,1.3,2.5,3.8,3.5,0.7,0.2,1.7,1.9,11.8
105,Eric Bledsoe\bledser01,SG,31,NOP,55,54,30.2,4.1,10.0,.408,1.7,5.1,.345,2.3,5.0,.471,.495,1.8,2.5,.728,0.4,3.1,3.5,3.7,0.7,0.3,1.6,1.6,11.7
106,Brook Lopez\lopezbr01,C,32,MIL,54,54,27.2,4.3,8.8,.487,1.5,4.3,.345,2.8,4.5,.623,.571,1.6,1.9,.850,1.5,3.6,5.1,0.7,0.6,1.4,0.9,2.1,11.6
107,Immanuel Quickley\quickim01,PG,21,NYK,52,3,19.3,3.6,9.4,.385,1.8,4.8,.376,1.8,4.6,.394,.481,2.5,2.8,.897,0.4,1.8,2.3,2.1,0.5,0.2,0.9,1.8,11.6
108,P.J. Washington\washipj01,PF,22,CHO,48,48,29.4,4.1,9.7,.426,1.4,3.8,.370,2.8,6.0,.462,.498,1.9,2.4,.791,1.4,5.0,6.4,2.7,1.0,1.3,2.1,2.7,11.6
109,Saddiq Bey\beysa01,SF,21,DET,54,37,25.6,3.8,9.1,.413,2.3,6.2,.378,1.4,2.9,.487,.542,1.6,1.8,.876,0.5,3.5,4.0,1.3,0.7,0.1,0.8,1.6,11.4
110,Hamidou Diallo\diallha01,SG-SF,22,TOT,42,5,23.1,4.3,8.8,.484,0.5,1.3,.339,3.8,7.5,.510,.509,2.5,3.8,.652,1.2,3.8,5.0,2.1,0.9,0.5,1.5,2.5,11.4
111,Bobby Portis\portibo01,C,25,MIL,51,6,21.5,4.8,9.1,.524,1.1,2.4,.472,3.6,6.7,.542,.586,0.7,0.9,.750,1.8,5.4,7.3,1.2,0.8,0.4,0.8,1.7,11.4
112,Miles Bridges\bridgmi02,PF,22,CHO,55,9,28.0,4.2,8.2,.510,1.5,3.9,.396,2.7,4.4,.610,.603,1.3,1.5,.869,1.3,4.6,5.9,2.0,0.7,0.7,1.7,2.1,11.3
113,Lonnie Walker\walkelo01,SG,22,SAS,42,30,25.3,4.3,10.1,.426,1.7,4.7,.357,2.6,5.4,.485,.508,1.0,1.3,.800,0.2,2.4,2.6,1.6,0.5,0.3,1.0,1.9,11.3
114,Dāvis Bertāns\bertada01,PF,28,WAS,41,5,24.5,3.3,8.2,.406,2.9,7.3,.400,0.4,0.9,.457,.585,1.7,1.9,.873,0.4,2.6,3.0,0.9,0.6,0.2,0.6,2.5,11.2
115,Brandon Clarke\clarkbr01,PF,24,MEM,45,16,25.4,4.7,9.1,.518,0.4,1.4,.302,4.3,7.7,.558,.542,1.4,2.1,.667,1.6,4.0,5.6,1.7,1.0,0.8,0.6,1.5,11.2
116,Naz Reid\reidna01,C,21,MIN,55,15,19.3,4.2,8.1,.513,0.8,2.4,.338,3.3,5.7,.588,.564,1.8,2.5,.732,1.1,3.4,4.6,1.1,0.5,1.1,1.0,2.5,11.0
117,Jae'Sean Tate\tateja01,SF,25,HOU,56,44,28.9,4.4,8.4,.523,0.8,2.6,.308,3.6,5.8,.620,.571,1.4,2.0,.730,2.0,3.4,5.4,2.1,1.2,0.6,1.2,3.1,11.0
118,Grayson Allen\allengr01,SG,25,MEM,41,29,25.0,3.5,8.3,.426,2.3,5.6,.404,1.3,2.7,.473,.563,1.5,1.8,.863,0.4,2.8,3.2,2.2,1.0,0.2,1.0,1.4,10.9
119,Rudy Gay\gayru01,PF,34,SAS,47,0,21.7,4.0,9.7,.413,1.6,4.3,.385,2.4,5.5,.434,.497,1.3,1.6,.787,0.8,4.2,5.0,1.5,0.7,0.6,1.0,1.9,10.9
120,Justin Holiday\holidju01,SG,31,IND,55,46,31.3,3.7,8.9,.411,2.4,6.5,.375,1.3,2.5,.507,.547,0.9,1.2,.788,0.5,3.1,3.6,1.6,1.2,0.4,0.8,1.9,10.7
121,Donte DiVincenzo\divindo01,SG,24,MIL,52,52,27.5,3.9,9.4,.417,2.0,5.2,.384,1.9,4.2,.458,.524,0.8,1.1,.732,1.2,4.4,5.6,3.1,1.2,0.2,1.4,1.6,10.6
122,Jeff Green\greenje02,C,34,BRK,52,29,26.7,3.6,7.4,.491,1.4,3.4,.410,2.2,3.9,.561,.586,1.6,2.1,.757,0.5,3.3,3.7,1.5,0.5,0.3,0.8,1.7,10.3
123,Reggie Jackson\jacksre01,SG,30,LAC,55,33,22.6,3.8,8.4,.456,1.7,3.9,.429,2.2,4.5,.478,.554,1.1,1.3,.795,0.3,2.5,2.9,3.1,0.6,0.1,1.1,2.0,10.3
124,Monte Morris\morrimo01,PG,25,DEN,44,13,26.2,4.0,8.3,.477,1.1,3.0,.377,2.8,5.3,.532,.544,1.3,1.6,.789,0.3,1.9,2.2,3.2,0.7,0.3,0.7,1.0,10.3
125,Mason Plumlee\plumlma01,C,30,DET,51,51,27.0,4.1,6.8,.605,0.0,0.1,.000,4.1,6.7,.617,.605,2.1,3.1,.669,2.6,6.4,9.1,3.5,0.8,0.9,1.9,3.4,10.3
126,Nickeil Alexander-Walker\alexani01,SG,22,NOP,41,10,20.8,3.9,9.2,.418,1.6,4.6,.348,2.3,4.7,.487,.504,1.0,1.3,.750,0.2,2.8,3.1,2.0,1.0,0.5,1.4,1.9,10.2
127,Dwayne Bacon\bacondw01,SG,25,ORL,56,36,25.0,3.8,9.5,.400,0.9,2.9,.309,2.9,6.6,.441,.447,1.7,2.1,.836,0.3,2.7,3.0,1.2,0.5,0.1,0.6,1.5,10.2
128,Jae Crowder\crowdja01,PF,30,PHO,52,37,27.8,3.3,8.2,.409,2.4,6.3,.388,0.9,1.9,.480,.558,1.0,1.3,.761,0.5,4.4,4.9,2.1,0.8,0.4,0.9,2.0,10.1
129,Reggie Bullock\bullore01,SF,29,NYK,50,49,28.1,3.5,8.2,.428,2.2,5.6,.397,1.3,2.5,.496,.565,0.6,0.7,.889,0.2,3.1,3.3,1.4,0.8,0.2,0.7,2.2,9.9
130,Cameron Johnson\johnsca02,PF,24,PHO,49,9,23.3,3.5,7.8,.446,2.1,5.4,.386,1.4,2.4,.581,.580,0.8,1.0,.872,0.5,2.7,3.3,1.4,0.6,0.3,0.8,1.4,9.9
131,Wayne Ellington\ellinwa01,SG,33,DET,40,29,22.1,3.3,7.5,.446,2.5,6.0,.423,0.8,1.5,.542,.616,0.7,0.8,.788,0.3,1.6,1.9,1.4,0.4,0.2,0.7,1.4,9.8
132,Danny Green\greenda02,SF,33,PHI,55,55,28.5,3.3,7.9,.419,2.6,6.3,.412,0.7,1.6,.449,.583,0.5,0.6,.758,0.8,2.9,3.7,1.7,1.3,0.9,1.1,1.8,9.7
133,Théo Maledon\maledth01,PG,19,OKC,50,34,27.4,3.4,9.1,.370,1.6,4.8,.340,1.8,4.4,.402,.458,1.3,1.8,.719,0.4,3.0,3.4,3.4,0.9,0.1,2.1,2.2,9.7
134,Delon Wright\wrighde01,SG-PG,28,TOT,47,31,27.1,3.5,7.7,.457,0.9,2.4,.357,2.7,5.3,.502,.512,1.8,2.3,.804,1.0,3.1,4.1,4.3,1.5,0.4,1.2,1.1,9.7
135,Desmond Bane\banede01,SG,22,MEM,50,11,22.4,3.6,7.5,.475,1.8,3.9,.459,1.8,3.6,.492,.593,0.6,0.8,.821,0.4,2.7,3.1,1.6,0.7,0.2,0.9,1.9,9.5
136,Bryn Forbes\forbebr01,SG,27,MIL,54,8,19.1,3.4,7.4,.455,2.1,4.8,.442,1.3,2.7,.479,.597,0.6,0.8,.756,0.1,1.2,1.3,0.6,0.3,0.0,0.6,1.1,9.5
137,Cedi Osman\osmande01,SF,25,CLE,49,17,24.1,3.4,9.5,.360,1.6,5.3,.300,1.8,4.2,.436,.444,1.1,1.5,.743,0.6,2.7,3.3,2.6,0.9,0.2,1.1,1.8,9.5
138,Daniel Theis\theisda01,C,28,TOT,52,38,24.1,3.8,6.9,.553,0.7,2.3,.325,3.1,4.7,.663,.606,1.1,1.7,.652,1.3,3.9,5.2,1.7,0.6,0.9,1.0,2.6,9.5
139,Furkan Korkmaz\korkmfu01,SG,23,PHI,45,7,19.6,3.2,7.8,.406,1.8,4.9,.376,1.3,2.9,.458,.524,1.2,1.7,.724,0.3,1.8,2.1,1.3,1.0,0.2,0.9,1.2,9.4
140,Patrick Williams\willipa01,PF,19,CHI,54,54,28.5,3.6,7.6,.476,0.8,2.0,.382,2.9,5.6,.510,.527,1.3,1.6,.764,0.9,3.7,4.7,1.3,0.9,0.6,1.4,2.0,9.3
141,Josh Hart\hartjo01,SF,25,NOP,47,4,28.7,3.2,7.3,.439,1.3,4.1,.326,1.9,3.2,.583,.531,1.5,1.9,.775,1.1,6.9,8.0,2.3,0.8,0.3,1.0,2.4,9.2
142,Robert Covington\covinro01,PF,30,POR,53,53,32.2,3.2,7.6,.415,2.1,5.3,.387,1.1,2.3,.483,.551,0.7,0.9,.809,0.8,5.8,6.6,1.7,1.6,1.3,1.1,2.7,9.1
143,Dorian Finney-Smith\finnedo01,PF,27,DAL,44,44,32.0,3.3,7.7,.436,1.8,4.9,.364,1.5,2.7,.567,.553,0.5,0.7,.800,1.7,3.9,5.7,1.6,0.9,0.5,0.6,2.5,9.0
144,Kentavious Caldwell-Pope\caldwke01,SG,27,LAL,52,52,27.0,3.0,7.2,.424,1.6,3.9,.410,1.4,3.2,.440,.536,1.2,1.4,.840,0.4,2.3,2.7,1.7,0.8,0.3,1.1,1.7,8.9
145,Paul Millsap\millspa01,PF,35,DEN,44,34,21.8,3.4,6.9,.487,1.0,2.6,.372,2.4,4.3,.555,.556,1.3,1.8,.714,1.4,3.4,4.8,1.6,0.8,0.7,0.9,2.1,8.9
146,Ivica Zubac\zubaciv01,C,23,LAC,58,19,22.2,3.5,5.4,.651,0.0,0.1,.000,3.5,5.3,.657,.651,1.9,2.3,.809,2.7,4.6,7.4,1.2,0.4,0.9,1.1,2.6,8.9
147,Isaiah Roby\robyis01,PF,22,OKC,46,26,23.5,3.4,6.9,.497,0.5,1.7,.329,2.9,5.2,.550,.536,1.4,2.0,.710,1.6,4.1,5.7,1.8,0.8,0.7,1.8,2.7,8.8
148,Landry Shamet\shamela01,SG,23,BRK,45,2,20.8,2.8,7.0,.406,2.0,5.2,.397,0.8,1.8,.434,.552,1.0,1.2,.852,0.2,1.6,1.8,1.3,0.5,0.1,0.8,1.3,8.8
149,Talen Horton-Tucker\hortota01,SG,20,LAL,51,3,19.6,3.4,7.6,.438,0.5,2.1,.262,2.8,5.5,.505,.474,1.4,1.7,.820,0.4,2.3,2.7,2.6,1.0,0.4,1.5,2.0,8.7
150,Robin Lopez\lopezro01,C,32,WAS,55,9,20.0,3.6,5.7,.629,0.1,0.3,.278,3.5,5.4,.650,.637,1.4,2.0,.700,2.1,1.9,4.0,0.8,0.3,0.6,1.1,1.7,8.7
151,Nicolas Batum\batumni01,SF,32,LAC,55,38,28.4,3.0,6.5,.458,1.8,4.3,.415,1.2,2.2,.542,.596,0.8,0.9,.846,0.8,4.1,4.9,2.3,1.1,0.5,0.8,1.6,8.5
152,Bruce Brown\brownbr01,PG,24,BRK,52,31,22.1,3.5,6.5,.534,0.2,0.9,.255,3.2,5.6,.579,.552,1.3,1.7,.767,1.6,3.2,4.8,1.7,0.9,0.4,0.9,2.2,8.5
153,Ricky Rubio\rubiori01,PG,30,MIN,53,38,26.2,2.7,7.2,.380,0.9,2.9,.301,1.9,4.3,.432,.440,2.1,2.5,.862,0.4,2.8,3.2,6.6,1.4,0.1,1.8,2.2,8.5
154,JaMychal Green\greenja01,PF,30,DEN,43,4,18.5,3.1,6.5,.471,1.4,3.4,.408,1.7,3.1,.541,.579,0.8,1.0,.837,1.5,3.5,5.0,0.8,0.5,0.3,1.0,2.6,8.4
155,Sterling Brown\brownst02,SG,25,HOU,51,14,24.1,2.9,6.6,.448,1.8,4.2,.423,1.2,2.4,.492,.584,0.5,0.6,.806,0.7,3.6,4.4,1.4,0.7,0.2,0.8,1.9,8.2
156,Isaac Okoro\okorois01,SG,20,CLE,50,50,31.9,3.0,7.2,.425,0.9,2.8,.307,2.2,4.4,.500,.485,1.3,1.8,.714,0.9,1.9,2.8,1.8,1.1,0.4,1.4,2.7,8.2
157,Jakob Poeltl\poeltja01,C,25,SAS,54,36,26.1,3.7,6.0,.623,0.0,0.0,,3.7,6.0,.623,.623,0.7,1.7,.419,3.4,4.6,8.0,1.8,0.6,1.6,1.3,2.3,8.2
158,Robert Williams\williro04,C,23,BOS,47,10,18.9,3.7,5.1,.720,0.0,0.0,.000,3.7,5.0,.726,.720,0.9,1.4,.646,2.6,4.4,7.0,1.8,0.8,1.8,1.0,2.1,8.2
159,Luke Kennard\kennalu01,SG,24,LAC,52,14,19.6,3.0,6.3,.477,1.6,3.4,.460,1.5,2.9,.497,.600,0.4,0.5,.846,0.3,2.5,2.7,1.7,0.3,0.2,0.8,1.5,8.0
160,T.J. McConnell\mccontj01,PG,28,IND,52,2,25.5,3.7,6.6,.566,0.2,0.6,.323,3.5,6.0,.590,.581,0.4,0.7,.618,0.8,2.9,3.7,6.5,1.8,0.3,1.9,1.6,8.0
161,Raul Neto\netora01,PG,28,WAS,49,8,20.1,3.1,6.9,.452,0.9,2.5,.366,2.2,4.3,.502,.519,0.9,1.1,.833,0.4,1.8,2.2,2.1,1.1,0.1,0.8,1.6,8.0
162,Tomáš Satoranský\satorto01,SG,29,CHI,43,18,24.0,3.0,5.9,.510,0.8,2.1,.389,2.2,3.8,.577,.579,1.1,1.3,.907,0.5,2.0,2.5,5.1,0.8,0.3,1.7,1.6,8.0
163,Tristan Thompson\thomptr01,PF,29,BOS,41,32,22.6,3.3,6.1,.536,0.0,0.1,.000,3.3,6.1,.542,.536,1.4,2.3,.604,3.0,5.1,8.2,1.1,0.4,0.5,1.0,2.1,8.0
164,Anfernee Simons\simonan01,SG,21,POR,47,0,16.2,2.6,6.5,.407,1.9,4.6,.419,0.7,1.9,.378,.554,0.7,0.9,.825,0.2,2.1,2.2,1.4,0.2,0.1,0.7,1.6,7.9
165,Sviatoslav Mykhailiuk\mykhasv01,SF-SG,23,TOT,52,13,19.4,2.8,6.9,.406,1.6,4.6,.336,1.3,2.3,.546,.518,0.7,0.9,.756,0.4,2.0,2.4,1.6,0.8,0.2,1.2,0.8,7.8
166,Garrett Temple\templga01,SG,34,CHI,39,13,26.6,2.9,6.9,.424,1.2,3.6,.333,1.7,3.3,.523,.511,0.8,1.0,.816,0.5,2.4,2.9,2.0,0.9,0.5,1.0,2.3,7.8
167,Steven Adams\adamsst01,C,27,NOP,52,52,28.0,3.3,5.4,.618,0.0,0.1,.000,3.3,5.3,.625,.618,1.1,2.4,.448,3.8,5.2,9.0,2.0,0.9,0.7,1.4,2.0,7.7
168,DeAndre Jordan\jordade01,C,32,BRK,49,38,22.2,3.5,4.5,.781,0.0,0.0,.000,3.5,4.4,.784,.781,0.7,1.4,.500,1.9,5.3,7.3,1.7,0.3,1.2,1.5,2.1,7.7
169,Cory Joseph\josepco01,PG,29,TOT,56,6,22.1,2.9,6.3,.460,0.6,2.0,.324,2.2,4.3,.523,.511,1.1,1.4,.818,0.6,1.9,2.4,3.2,0.9,0.3,1.2,2.2,7.5
170,Derrick Jones Jr.\jonesde02,SF,23,POR,50,41,24.4,2.7,5.6,.486,0.8,2.6,.328,1.9,3.1,.617,.560,1.0,1.6,.634,1.5,2.5,4.0,0.8,0.7,1.0,0.6,2.3,7.4
171,Maxi Kleber\klebima01,PF,29,DAL,40,34,28.1,2.4,5.6,.429,1.8,4.3,.422,0.6,1.3,.451,.592,0.8,0.9,.914,0.9,4.5,5.4,1.3,0.6,0.8,0.7,2.3,7.4
172,Markieff Morris\morrima02,PF,31,LAL,48,24,20.2,2.8,6.2,.445,1.3,3.5,.355,1.5,2.7,.562,.545,0.6,0.9,.732,0.8,3.8,4.6,1.1,0.3,0.3,0.9,1.9,7.4
173,Aaron Holiday\holidaa01,PG,24,IND,53,6,17.5,2.7,6.7,.395,1.1,2.9,.373,1.6,3.8,.412,.475,0.9,1.1,.783,0.2,1.1,1.2,1.6,0.6,0.2,0.9,1.6,7.3
174,Kenrich Williams\willike04,PF,26,OKC,56,10,20.8,3.0,5.8,.525,0.7,1.6,.429,2.3,4.2,.562,.585,0.5,0.9,.563,1.3,2.9,4.2,2.2,0.7,0.2,1.0,2.1,7.3
175,Cameron Payne\payneca01,PG,26,PHO,44,0,17.3,2.7,5.8,.472,1.0,2.5,.407,1.7,3.3,.521,.559,0.8,0.8,.892,0.2,2.0,2.3,3.8,0.6,0.2,1.0,1.7,7.2
176,Terence Davis\daviste02,SG,23,TOT,45,4,15.3,2.6,6.4,.410,1.3,3.8,.345,1.3,2.6,.504,.512,0.5,0.6,.828,0.3,1.7,2.0,1.1,0.6,0.2,0.9,1.4,7.1
177,PJ Dozier\doziepj01,SG,24,DEN,41,0,20.2,2.7,6.3,.419,0.9,2.6,.343,1.8,3.7,.474,.490,0.9,1.4,.614,0.7,2.9,3.6,1.6,0.6,0.4,0.9,1.7,7.1
178,D.J. Augustin\augusdj01,PG,33,TOT,51,6,19.2,2.2,5.6,.385,1.3,3.5,.374,0.8,2.1,.402,.502,1.4,1.5,.932,0.4,1.3,1.6,3.3,0.5,0.0,1.1,1.0,7.0
179,Pat Connaughton\connapa01,SG,28,MIL,52,3,23.1,2.5,5.7,.446,1.5,3.8,.390,1.0,1.8,.564,.578,0.5,0.7,.735,1.0,3.8,4.8,1.3,0.7,0.3,0.5,1.5,7.0
180,Tyus Jones\jonesty01,PG,24,MEM,54,8,19.1,2.9,6.5,.440,0.7,2.2,.322,2.2,4.3,.500,.494,0.6,0.6,.914,0.4,1.9,2.2,4.1,1.1,0.1,0.7,0.4,7.0
181,Tyrese Maxey\maxeyty01,SG,20,PHI,47,6,14.1,2.9,6.5,.449,0.4,1.5,.282,2.5,5.0,.500,.482,0.7,0.8,.868,0.2,1.3,1.5,1.6,0.3,0.1,0.6,1.1,7.0
182,Jeff Teague\teaguje01,PG,32,TOT,42,6,18.2,2.3,5.5,.426,0.7,1.6,.441,1.6,3.9,.420,.491,1.6,1.9,.852,0.3,1.4,1.6,2.4,0.6,0.2,1.1,1.2,7.0
183,Payton Pritchard\pritcpa01,SG,23,BOS,50,1,18.7,2.6,5.8,.443,1.3,3.2,.404,1.3,2.6,.492,.555,0.5,0.5,.885,0.5,1.7,2.2,1.9,0.5,0.1,0.9,1.7,6.9
184,Isaiah Stewart\stewais01,C,19,DET,54,5,20.0,3.0,5.2,.577,0.2,0.5,.407,2.8,4.7,.595,.597,0.7,1.1,.650,2.3,3.9,6.2,0.9,0.5,1.0,0.9,2.5,6.9
185,Denzel Valentine\valende01,SG,27,CHI,48,3,17.5,2.7,7.0,.382,1.4,4.1,.337,1.3,2.9,.446,.481,0.2,0.2,1.000,0.4,3.1,3.5,1.7,0.5,0.0,0.7,1.1,6.9
186,Dwight Howard\howardw01,C,35,PHI,54,5,17.4,2.5,4.3,.583,0.1,0.3,.250,2.4,4.0,.607,.591,1.8,3.0,.579,2.6,5.6,8.3,0.7,0.4,0.9,1.8,3.0,6.8
187,Royce O'Neale\onealro01,SF,27,UTA,55,55,31.9,2.3,5.4,.431,1.5,3.9,.376,0.9,1.5,.571,.566,0.7,0.8,.857,1.2,5.7,6.9,2.5,0.8,0.5,1.1,2.8,6.8
188,Jaden McDaniels\mcdanja02,PF,20,MIN,50,16,22.7,2.5,5.8,.435,1.1,3.1,.368,1.4,2.7,.511,.533,0.5,0.8,.590,0.8,2.8,3.6,1.1,0.5,1.0,0.7,2.6,6.7
189,Draymond Green\greendr01,PF,30,GSW,48,48,30.6,2.5,6.1,.416,0.5,2.1,.263,2.0,4.0,.495,.460,1.1,1.4,.773,0.9,5.7,6.6,8.5,1.6,0.8,3.0,3.1,6.6
190,Alex Len\lenal01,C,27,TOT,47,25,15.6,2.7,4.4,.615,0.1,0.5,.304,2.5,3.9,.654,.632,1.1,1.9,.596,1.0,2.9,3.9,0.9,0.3,1.1,0.9,2.0,6.6
191,Timothé Luwawu-Cabarrot\luwawti01,SF,25,BRK,49,7,19.2,2.3,6.5,.360,1.4,4.4,.312,1.0,2.1,.461,.465,0.6,0.8,.789,0.5,1.9,2.4,1.2,0.6,0.1,0.8,1.8,6.6
192,Trey Burke\burketr01,PG,28,DAL,49,0,14.3,2.4,5.4,.444,1.0,2.7,.362,1.4,2.8,.522,.532,0.7,0.8,.850,0.1,0.8,0.9,1.3,0.6,0.1,0.5,1.0,6.5
193,Damion Lee\leeda03,SG,28,GSW,55,1,18.8,2.2,4.9,.457,1.4,3.5,.391,0.9,1.4,.627,.597,0.7,0.8,.909,0.4,2.7,3.1,1.3,0.7,0.1,0.5,1.6,6.5
194,Deni Avdija\avdijde01,SF,20,WAS,51,29,23.4,2.4,5.8,.420,1.0,3.2,.323,1.4,2.6,.537,.508,0.5,0.8,.643,0.4,4.5,4.9,1.2,0.6,0.3,0.6,2.7,6.4
195,Kent Bazemore\bazemke01,SF,31,GSW,54,5,17.6,2.3,5.2,.448,1.0,2.4,.412,1.3,2.7,.480,.545,0.7,1.1,.702,0.4,2.5,3.0,1.6,0.9,0.5,1.1,2.2,6.4
196,Terance Mann\mannte01,SG,24,LAC,55,5,18.4,2.5,5.0,.495,0.5,1.2,.418,1.9,3.7,.519,.546,1.0,1.2,.779,0.9,2.9,3.7,1.6,0.5,0.2,0.6,1.9,6.4
197,Edmond Sumner\sumneed01,SG,25,IND,42,14,14.3,2.4,4.6,.521,0.6,1.5,.375,1.8,3.0,.594,.583,1.1,1.4,.793,0.4,1.2,1.6,0.7,0.6,0.2,0.9,1.4,6.4
198,Xavier Tillman Sr.\tillmxa01,PF,22,MEM,44,7,18.3,2.7,5.0,.536,0.3,1.1,.300,2.3,3.9,.606,.570,0.7,1.0,.690,1.2,2.9,4.1,1.3,0.8,0.6,0.7,2.1,6.4
199,Jaxson Hayes\hayesja02,C,20,NOP,44,3,14.8,2.5,3.8,.657,0.1,0.1,.500,2.4,3.6,.663,.666,1.3,1.7,.757,1.3,2.5,3.8,0.6,0.4,0.5,0.7,1.8,6.3
200,Garrison Mathews\mathega01,SG,24,WAS,49,22,18.0,1.7,4.0,.424,1.3,3.3,.405,0.4,0.7,.514,.591,1.3,1.5,.892,0.3,1.2,1.5,0.5,0.5,0.1,0.2,1.8,6.1
201,Alex Caruso\carusal01,PG,26,LAL,46,0,20.4,2.1,4.9,.431,1.0,2.3,.415,1.2,2.6,.445,.529,0.8,1.2,.655,0.5,2.4,3.0,2.6,1.2,0.2,1.2,1.8,6.0
202,Aron Baynes\baynear01,C,34,TOR,50,31,18.2,2.4,5.6,.431,0.4,1.9,.237,2.0,3.8,.527,.470,0.5,0.7,.730,1.7,3.4,5.1,0.9,0.3,0.4,0.9,2.3,5.8
203,Georges Niang\niangge01,PF,27,UTA,56,1,14.3,2.1,4.8,.433,1.5,3.6,.411,0.6,1.2,.500,.587,0.1,0.1,1.000,0.3,2.0,2.3,0.7,0.3,0.1,0.6,1.6,5.8
204,Derrick Favors\favorde01,C,29,UTA,53,0,15.5,2.3,3.8,.623,0.0,0.0,.000,2.3,3.7,.626,.623,1.0,1.4,.740,2.1,3.4,5.5,0.8,0.5,1.0,0.6,2.2,5.7
205,Khem Birch\birchkh01,C,28,TOT,52,7,20.2,2.1,4.5,.468,0.1,0.5,.208,2.0,4.1,.498,.479,1.3,1.8,.723,2.4,2.7,5.1,1.0,0.7,0.7,0.5,1.5,5.6
206,Tony Snell\snellto01,SG,29,ATL,40,18,21.0,1.9,3.7,.517,1.4,2.5,.571,0.5,1.2,.408,.707,0.3,0.3,1.000,0.4,2.0,2.4,1.3,0.2,0.3,0.5,1.6,5.5
207,Marc Gasol\gasolma01,C,36,LAL,44,42,19.5,1.8,4.1,.444,1.0,2.5,.387,0.8,1.6,.536,.564,0.8,1.0,.750,0.8,3.3,4.0,2.1,0.5,1.2,1.2,2.3,5.4
208,Josh Okogie\okogijo01,SG,22,MIN,44,28,20.8,1.7,4.4,.387,0.5,1.9,.280,1.2,2.5,.464,.446,1.5,1.8,.821,0.9,1.7,2.5,1.1,1.0,0.5,0.8,2.2,5.4
209,Dean Wade\wadede01,PF,24,CLE,47,13,17.1,2.0,4.5,.437,1.1,3.1,.375,0.8,1.5,.565,.563,0.3,0.4,.762,0.5,2.6,3.1,1.1,0.4,0.4,0.4,1.1,5.4
210,Bismack Biyombo\biyombi01,C,28,CHO,51,30,20.9,2.2,3.8,.579,0.0,0.0,.000,2.2,3.8,.582,.579,0.8,1.7,.483,2.0,3.2,5.2,1.3,0.3,1.1,1.0,2.3,5.3
211,Jake Layman\laymaja01,SF,26,MIN,41,11,14.6,2.1,4.2,.494,0.5,1.8,.288,1.6,2.5,.644,.555,0.6,0.9,.703,0.3,1.2,1.6,0.7,0.7,0.4,0.6,1.0,5.3
212,Jarred Vanderbilt\vandeja01,PF,21,MIN,49,25,17.4,2.1,3.6,.603,0.0,0.1,.250,2.1,3.5,.612,.606,1.0,1.8,.567,1.6,3.8,5.4,1.3,1.0,0.7,1.0,1.9,5.3
213,Brad Wanamaker\wanambr01,PG,31,TOT,49,0,16.8,1.8,4.9,.368,0.3,1.6,.203,1.5,3.3,.450,.402,1.4,1.6,.872,0.2,1.4,1.7,2.8,0.7,0.2,1.1,1.5,5.3
214,Precious Achiuwa\achiupr01,PF,21,MIA,53,2,12.3,2.0,3.7,.551,0.0,0.0,,2.0,3.7,.551,.551,1.0,1.9,.515,1.3,2.2,3.5,0.5,0.3,0.5,0.7,1.6,5.1
215,Facundo Campazzo\campafa01,PG,29,DEN,50,4,19.0,1.6,4.1,.390,1.1,2.9,.385,0.5,1.2,.403,.524,0.8,1.0,.824,0.3,1.3,1.6,2.9,1.0,0.2,1.0,1.9,5.1
216,Nerlens Noel\noelne01,C,26,NYK,50,27,23.3,2.1,3.5,.602,0.0,0.0,.000,2.1,3.5,.609,.602,0.7,1.1,.685,2.3,4.0,6.3,0.7,1.0,2.1,1.2,2.7,5.0
217,Devin Vassell\vassede01,SF,20,SAS,44,1,16.5,1.8,4.4,.397,0.9,2.2,.392,0.9,2.2,.402,.495,0.7,0.8,.879,0.4,2.3,2.8,0.9,0.8,0.3,0.4,1.4,5.0
218,Rodney Hood\hoodro01,SF,28,TOT,47,5,18.6,1.9,5.3,.364,0.7,2.3,.306,1.2,3.0,.410,.431,0.4,0.4,.810,0.4,1.5,1.9,1.1,0.4,0.1,0.7,1.5,4.9
219,Caleb Martin\martica02,SF,25,CHO,41,2,14.8,1.8,4.9,.373,0.6,2.3,.266,1.2,2.6,.467,.435,0.7,1.1,.614,0.7,2.1,2.8,1.2,0.7,0.2,0.7,1.1,4.9
220,Semi Ojeleye\ojelese01,PF,26,BOS,46,9,17.7,1.6,4.0,.400,1.1,2.9,.388,0.5,1.1,.431,.541,0.5,0.7,.750,0.6,2.1,2.7,0.7,0.2,0.0,0.4,1.1,4.9
221,Wesley Matthews\matthwe02,SG,34,LAL,47,7,20.0,1.5,4.4,.340,1.1,3.5,.331,0.3,0.9,.372,.471,0.6,0.7,.857,0.3,1.3,1.6,1.0,0.7,0.3,0.4,1.5,4.8
222,Dwight Powell\poweldw01,C,29,DAL,41,8,14.5,1.6,3.0,.533,0.1,0.5,.250,1.5,2.5,.588,.553,1.5,1.9,.779,1.2,2.2,3.4,0.8,0.6,0.3,0.6,2.2,4.8
223,Solomon Hill\hillso01,PF,29,ATL,55,10,20.5,1.6,4.3,.374,1.1,3.2,.341,0.5,1.1,.468,.500,0.4,0.5,.767,0.6,2.1,2.7,1.0,0.7,0.2,0.6,1.6,4.7
224,Andre Iguodala\iguodan01,SF,37,MIA,50,2,21.2,1.5,4.0,.373,1.0,3.1,.320,0.5,1.0,.542,.495,0.4,0.7,.636,0.6,3.1,3.7,2.0,1.0,0.5,1.0,1.4,4.4
225,Grant Williams\willigr01,PF,22,BOS,48,8,18.6,1.6,3.7,.438,0.8,2.0,.383,0.9,1.7,.500,.540,0.4,0.8,.528,0.8,2.1,2.9,1.0,0.6,0.4,0.9,2.6,4.4
226,Sekou Doumbouya\doumbse01,PF,20,DET,46,3,13.3,1.5,4.2,.345,0.5,1.9,.241,1.0,2.3,.430,.399,0.7,0.9,.738,0.5,1.6,2.1,0.6,0.4,0.1,0.7,1.6,4.0
227,Obi Toppin\toppiob01,PF,22,NYK,47,0,11.3,1.7,3.4,.481,0.4,1.4,.277,1.3,2.1,.619,.537,0.3,0.5,.727,0.4,1.8,2.2,0.5,0.3,0.2,0.4,1.0,4.0
228,Kevon Looney\looneke01,C,24,GSW,45,18,16.4,1.6,2.9,.557,0.1,0.3,.286,1.5,2.6,.590,.573,0.5,0.7,.700,1.7,2.6,4.3,1.9,0.4,0.4,0.6,2.0,3.8
229,Cody Martin\martico01,SF,25,CHO,43,3,14.6,1.5,3.4,.442,0.3,1.1,.255,1.2,2.3,.530,.483,0.5,0.8,.571,0.8,1.7,2.6,1.4,0.6,0.2,0.7,0.9,3.8
230,Mychal Mulder\muldemy01,PG,26,GSW,45,2,10.0,1.2,3.0,.409,1.0,2.6,.368,0.3,0.4,.650,.566,0.2,0.4,.579,0.0,0.8,0.8,0.4,0.2,0.2,0.2,0.7,3.7
231,Matisse Thybulle\thybuma01,SG,23,PHI,53,6,19.4,1.5,3.5,.412,0.7,2.2,.307,0.8,1.4,.575,.505,0.2,0.3,.500,0.5,1.4,1.9,0.9,1.5,1.0,0.4,2.0,3.7
232,Thanasis Antetokounmpo\antetth01,SF,28,MIL,43,2,11.0,1.5,2.8,.525,0.2,0.6,.292,1.3,2.3,.582,.553,0.4,0.9,.462,1.1,1.4,2.5,0.9,0.4,0.2,0.9,1.4,3.6
233,Jevon Carter\carteje01,PG,25,PHO,43,0,10.8,1.3,3.2,.410,0.8,2.3,.367,0.5,1.0,.512,.540,0.0,0.0,1.000,0.3,1.2,1.5,1.2,0.4,0.2,0.2,1.0,3.5
234,Stanley Johnson\johnsst04,PF,24,TOR,49,6,14.6,1.1,2.8,.399,0.6,1.7,.354,0.5,1.1,.464,.504,0.4,0.5,.792,0.4,1.9,2.3,1.2,0.7,0.3,0.7,1.8,3.2
235,Miye Oni\onimi01,SG,23,UTA,40,0,8.9,0.7,2.0,.354,0.6,1.8,.343,0.1,0.2,.444,.506,0.1,0.2,.833,0.5,1.2,1.7,0.4,0.2,0.2,0.3,1.1,2.1